Image,EC_target,Used_bits,PSNR,SSIM,Status
Airplane.bmp,10000,10000,63.60514602980662,0.9995600463818116,SUCCESS
Airplane.bmp,20000,20000,59.890788570052855,0.9989895323553891,SUCCESS
Baboon.bmp,10000,10000,53.01874487562098,0.9990204051375208,SUCCESS
Baboon.bmp,20000,20000,49.3240724872825,0.9980119168848364,SUCCESS
Lena.bmp,10000,10000,61.619891978936465,0.9993653633782772,SUCCESS
Lena.bmp,20000,20000,58.14996432468972,0.9986464642430036,SUCCESS
Peppers.bmp,10000,10000,60.65901255521945,0.9992529523114384,SUCCESS
Peppers.bmp,20000,20000,56.956050355954744,0.998379776504006,SUCCESS
AVERAGE_EC10000,10000,,59.73,0.9993,
AVERAGE_EC20000,20000,,56.08,0.9985,
